[
{
"action":"type","description":"",
"parameters":[{"locator":"NA","value":"NA"}],
"examples":[{"action":"type","locator":"","value":"","comment":""}],
"dynamic":[{"name":"NA","description":""}]
},
{
"action":"getValue","description":"",
"parameters":[{"locator":"NA","value":"NA"}],
"examples":[{"action":"getValue","locator":"","value":"","comment":""}],
"dynamic":[{"name":"NA","description":""}]
},
{
"action":"sleep","description":"",
"parameters":[{"locator":"NA","value":"NA"}],
"examples":[{"action":"sleep","locator":"","value":"","comment":""}],
"dynamic":[{"name":"NA","description":""}]
},
{
"action":"elementCount","description":"",
"parameters":[{"locator":"NA","value":"NA"}],
"examples":[{"action":"elementCount","locator":"","value":"","comment":""}],
"dynamic":[{"name":"NA","description":""}]
},
{
"action":"isEnabled","description":"",
"parameters":[{"locator":"NA","value":"NA"}],
"examples":[{"action":"isEnabled","locator":"","value":"","comment":""}],
"dynamic":[{"name":"NA","description":""}]
},
{
"action":"getText","description":"",
"parameters":[{"locator":"NA","value":"NA"}],
"examples":[{"action":"getText","locator":"","value":"","comment":""}],
"dynamic":[{"name":"NA","description":""}]
},
{
"action":"isSelected","description":"",
"parameters":[{"locator":"NA","value":"NA"}],
"examples":[{"action":"isSelected","locator":"","value":"","comment":""}],
"dynamic":[{"name":"NA","description":""}]
},
{
"action":"assertTextNotPresent","description":"",
"parameters":[{"locator":"NA","value":"NA"}],
"examples":[{"action":"assertTextNotPresent","locator":"","value":"","comment":""}],
"dynamic":[{"name":"NA","description":""}]
},
{
"action":"selectByVisibleText","description":"",
"parameters":[{"locator":"NA","value":"NA"}],
"examples":[{"action":"selectByVisibleText","locator":"","value":"","comment":""}],
"dynamic":[{"name":"NA","description":""}]
},
{
"action":"takeScreenShot","description":"",
"parameters":[{"locator":"NA","value":"NA"}],
"examples":[{"action":"takeScreenShot","locator":"","value":"","comment":""}],
"dynamic":[{"name":"NA","description":""}]
},
{
"action":"inspect","description":"",
"parameters":[{"locator":"NA","value":"NA"}],
"examples":[{"action":"inspect","locator":"","value":"","comment":""}],
"dynamic":[{"name":"NA","description":""}]
},
{
"action":"isElementPresent","description":"",
"parameters":[{"locator":"NA","value":"NA"}],
"examples":[{"action":"isElementPresent","locator":"","value":"","comment":""}],
"dynamic":[{"name":"NA","description":""}]
},
{
"action":"clearAndType","description":"",
"parameters":[{"locator":"NA","value":"NA"}],
"examples":[{"action":"clearAndType","locator":"","value":"","comment":""}],
"dynamic":[{"name":"NA","description":""}]
},
{
"action":"dragAndDrop","description":"",
"parameters":[{"locator":"NA","value":"NA"}],
"examples":[{"action":"dragAndDrop","locator":"","value":"","comment":""}],
"dynamic":[{"name":"NA","description":""}]
},
{
"action":"assertTextPresent","description":"",
"parameters":[{"locator":"NA","value":"NA"}],
"examples":[{"action":"assertTextPresent","locator":"","value":"","comment":""}],
"dynamic":[{"name":"NA","description":""}]
},
{
"action":"isDisplayed","description":"",
"parameters":[{"locator":"NA","value":"NA"}],
"examples":[{"action":"isDisplayed","locator":"","value":"","comment":""}],
"dynamic":[{"name":"NA","description":""}]
},
{
"action":"openDevice","description":"",
"parameters":[{"locator":"NA","value":"NA"}],
"examples":[{"action":"openDevice","locator":"","value":"","comment":""}],
"dynamic":[{"name":"NA","description":""}]
},
{
"action":"tap","description":"",
"parameters":[{"locator":"NA","value":"NA"}],
"examples":[{"action":"tap","locator":"","value":"","comment":""}],
"dynamic":[{"name":"NA","description":""}]
},
{
"action":"quitDevice","description":"",
"parameters":[{"locator":"NA","value":"NA"}],
"examples":[{"action":"quitDevice","locator":"","value":"","comment":""}],
"dynamic":[{"name":"NA","description":""}]
},
{
"action":"closeKeyboard","description":"",
"parameters":[{"locator":"NA","value":"NA"}],
"examples":[{"action":"closeKeyboard","locator":"","value":"","comment":""}],
"dynamic":[{"name":"NA","description":""}]
},
{
"action":"doubleTap","description":"",
"parameters":[{"locator":"NA","value":"NA"}],
"examples":[{"action":"doubleTap","locator":"","value":"","comment":""}],
"dynamic":[{"name":"NA","description":""}]
},
{
"action":"swipe","description":"",
"parameters":[{"locator":"NA","value":"NA"}],
"examples":[{"action":"swipe","locator":"","value":"","comment":""}],
"dynamic":[{"name":"NA","description":""}]
},
{
"action":"pinchIn","description":"",
"parameters":[{"locator":"NA","value":"NA"}],
"examples":[{"action":"pinchIn","locator":"","value":"","comment":""}],
"dynamic":[{"name":"NA","description":""}]
},
{
"action":"shake","description":"",
"parameters":[{"locator":"NA","value":"NA"}],
"examples":[{"action":"shake","locator":"","value":"","comment":""}],
"dynamic":[{"name":"NA","description":""}]
},
{
"action":"initiateDriver","description":"",
"parameters":[{"locator":"NA","value":"NA"}],
"examples":[{"action":"initiateDriver","locator":"","value":"","comment":""}],
"dynamic":[{"name":"NA","description":""}]
},
{
"action":"sendText","description":"",
"parameters":[{"locator":"NA","value":"NA"}],
"examples":[{"action":"sendText","locator":"","value":"","comment":""}],
"dynamic":[{"name":"NA","description":""}]
},
{
"action":"startApp","description":"",
"parameters":[{"locator":"NA","value":"NA"}],
"examples":[{"action":"startApp","locator":"","value":"","comment":""}],
"dynamic":[{"name":"NA","description":""}]
},
{
"action":"stopApp","description":"",
"parameters":[{"locator":"NA","value":"NA"}],
"examples":[{"action":"stopApp","locator":"","value":"","comment":""}],
"dynamic":[{"name":"NA","description":""}]
},
{
"action":"iOS_DatePicker","description":"",
"parameters":[{"locator":"NA","value":"NA"}],
"examples":[{"action":"iOS_DatePicker","locator":"","value":"","comment":""}],
"dynamic":[{"name":"NA","description":""}]
},
{
"action":"tapAndHold","description":"",
"parameters":[{"locator":"NA","value":"NA"}],
"examples":[{"action":"tapAndHold","locator":"","value":"","comment":""}],
"dynamic":[{"name":"NA","description":""}]
},
{
"action":"getTextIn","description":"",
"parameters":[{"locator":"NA","value":"NA"}],
"examples":[{"action":"getTextIn","locator":"","value":"","comment":""}],
"dynamic":[{"name":"NA","description":""}]
},
{
"action":"reboot","description":"",
"parameters":[{"locator":"NA","value":"NA"}],
"examples":[{"action":"reboot","locator":"","value":"","comment":""}],
"dynamic":[{"name":"NA","description":""}]
},
{
"action":"flick","description":"",
"parameters":[{"locator":"NA","value":"NA"}],
"examples":[{"action":"flick","locator":"","value":"","comment":""}],
"dynamic":[{"name":"NA","description":""}]
},
{
"action":"pinchOut","description":"",
"parameters":[{"locator":"NA","value":"NA"}],
"examples":[{"action":"pinchOut","locator":"","value":"","comment":""}],
"dynamic":[{"name":"NA","description":""}]
},
{
"action":"startVideoRecord","description":"",
"parameters":[{"locator":"NA","value":"NA"}],
"examples":[{"action":"startVideoRecord","locator":"","value":"","comment":""}],
"dynamic":[{"name":"NA","description":""}]
},
{
"action":"stopVideoRecord","description":"",
"parameters":[{"locator":"NA","value":"NA"}],
"examples":[{"action":"stopVideoRecord","locator":"","value":"","comment":""}],
"dynamic":[{"name":"NA","description":""}]
},
{
"action":"isElementNotPresent","description":"",
"parameters":[{"locator":"NA","value":"NA"}],
"examples":[{"action":"isElementNotPresent","locator":"","value":"","comment":""}],
"dynamic":[{"name":"NA","description":""}]
},
{
"action":"SwipeWhileNotFound","description":"",
"parameters":[{"locator":"NA","value":"NA"}],
"examples":[{"action":"SwipeWhileNotFound","locator":"","value":"","comment":""}],
"dynamic":[{"name":"NA","description":""}]
}
]