[
{
"action":"Requestfilecreator","description":"",
"parameters":[{"locator":"NA","value":"NA"}],
"examples":[{"action":"Requestfilecreator","locator":"","value":"","comment":""}],
"dynamic":[{"name":"NA","description":""}]
},
{
"action":"getSoapResponseFromWsdlFile","description":"",
"parameters":[{"locator":"NA","value":"NA"}],
"examples":[{"action":"getSoapResponseFromWsdlFile","locator":"","value":"","comment":""}],
"dynamic":[{"name":"NA","description":""}]
},
{
"action":"RequestfilecreatorSpark","description":"",
"parameters":[{"locator":"NA","value":"NA"}],
"examples":[{"action":"RequestfilecreatorSpark","locator":"","value":"","comment":""}],
"dynamic":[{"name":"NA","description":""}]
},
{
"action":"copyReqRespToExcel","description":"",
"parameters":[{"locator":"NA","value":"NA"}],
"examples":[{"action":"copyReqRespToExcel","locator":"","value":"","comment":""}],
"dynamic":[{"name":"NA","description":""}]
},
{
"action":"ReadResPonseUpdateInputExcel","description":"",
"parameters":[{"locator":"NA","value":"NA"}],
"examples":[{"action":"ReadResPonseUpdateInputExcel","locator":"","value":"","comment":""}],
"dynamic":[{"name":"NA","description":""}]
},
{
"action":"getSoapResponseUpdateInputExcel","description":"",
"parameters":[{"locator":"NA","value":"NA"}],
"examples":[{"action":"getSoapResponseUpdateInputExcel","locator":"","value":"","comment":""}],
"dynamic":[{"name":"NA","description":""}]
},
{
"action":"validateXMLNodeText","description":"",
"parameters":[{"locator":"NA","value":"NA"}],
"examples":[{"action":"validateXMLNodeText","locator":"","value":"","comment":""}],
"dynamic":[{"name":"NA","description":""}]
},
{
"action":"generateEmptyRequest","description":"",
"parameters":[{"locator":"NA","value":"NA"}],
"examples":[{"action":"generateEmptyRequest","locator":"","value":"","comment":""}],
"dynamic":[{"name":"NA","description":""}]
},
{
"action":"AsyncRequest","description":"",
"parameters":[{"locator":"NA","value":"NA"}],
"examples":[{"action":"AsyncRequest","locator":"","value":"","comment":""}],
"dynamic":[{"name":"NA","description":""}]
},
{
"action":"getResponse","description":"",
"parameters":[{"locator":"NA","value":"NA"}],
"examples":[{"action":"getResponse","locator":"","value":"","comment":""}],
"dynamic":[{"name":"NA","description":""}]
},
{
"action":"getSoapResponse","description":"",
"parameters":[{"locator":"NA","value":"NA"}],
"examples":[{"action":"getSoapResponse","locator":"","value":"","comment":""}],
"dynamic":[{"name":"NA","description":""}]
},
{
"action":"setVariableInXML","description":"",
"parameters":[{"locator":"NA","value":"NA"}],
"examples":[{"action":"setVariableInXML","locator":"","value":"","comment":""}],
"dynamic":[{"name":"NA","description":""}]
},
{
"action":"validateResponse","description":"",
"parameters":[{"locator":"NA","value":"NA"}],
"examples":[{"action":"validateResponse","locator":"","value":"","comment":""}],
"dynamic":[{"name":"NA","description":""}]
},
{
"action":"UpdateExcel","description":"",
"parameters":[{"locator":"NA","value":"NA"}],
"examples":[{"action":"UpdateExcel","locator":"","value":"","comment":""}],
"dynamic":[{"name":"NA","description":""}]
},
{
"action":"getXMLNodeText","description":"",
"parameters":[{"locator":"NA","value":"NA"}],
"examples":[{"action":"getXMLNodeText","locator":"","value":"","comment":""}],
"dynamic":[{"name":"NA","description":""}]
}
]